subject,idna_subject,expiration_date,epoch,registrar
azvjudwr.info,azvjudwr.info,19-feb-2021,1613692800.0,
azvjudwr.info,azvjudwr.info,19-feb-2021,1613692800.0,
cdnfile.xyz,cdnfile.xyz,04-jul-2021,1625356800.0,
cdnfile.xyz,cdnfile.xyz,04-jul-2021,1625356800.0,
google.com,google.com,14-sep-2028,1852502400.0,
google.com,google.com,14-sep-2028,1852502400.0,
jroqvbvw.info,jroqvbvw.info,19-feb-2021,1613692800.0,
jroqvbvw.info,jroqvbvw.info,19-feb-2021,1613692800.0,
jyhfuqoh.info,jyhfuqoh.info,19-feb-2021,1613692800.0,
jyhfuqoh.info,jyhfuqoh.info,19-feb-2021,1613692800.0,
kdowqlpt.info,kdowqlpt.info,19-feb-2021,1613692800.0,
kdowqlpt.info,kdowqlpt.info,19-feb-2021,1613692800.0,
xbasfbno.info,xbasfbno.info,28-jun-2024,1719532800.0,CommuniGal Communications Ltd.
